{
  "logistic_regression": {
    "model_name": "logistic_regression",
    "threshold": 0.5,
    "accuracy": 0.7026259758694109,
    "precision": 0.5580286168521462,
    "recall": 0.7134146341463414,
    "f1_score": 0.6262265834076717,
    "roc_auc": 0.7770034843205575,
    "pr_auc": 0.6281118462908775,
    "confusion_matrix": {
      "true_negatives": 639,
      "false_positives": 278,
      "false_negatives": 141,
      "true_positives": 351
    }
  },
  "random_forest": {
    "model_name": "random_forest",
    "threshold": 0.5,
    "accuracy": 0.6955287437899219,
    "precision": 0.5654885654885655,
    "recall": 0.5528455284552846,
    "f1_score": 0.5590955806783144,
    "roc_auc": 0.7492862905728292,
    "pr_auc": 0.6081530631067952,
    "confusion_matrix": {
      "true_negatives": 708,
      "false_positives": 209,
      "false_negatives": 220,
      "true_positives": 272
    }
  },
  "xgboost": {
    "model_name": "xgboost",
    "threshold": 0.5,
    "accuracy": 0.6997870830376153,
    "precision": 0.5823389021479713,
    "recall": 0.4959349593495935,
    "f1_score": 0.535675082327113,
    "roc_auc": 0.7447513542747204,
    "pr_auc": 0.5883281880915335,
    "confusion_matrix": {
      "true_negatives": 742,
      "false_positives": 175,
      "false_negatives": 248,
      "true_positives": 244
    }
  }
}