{
  "training_date": "2026-01-28T23:03:56.792721",
  "n_samples": 7043,
  "n_features": 53,
  "best_model": "logistic_regression",
  "optimal_threshold": 0.20000000000000004,
  "use_smote": true,
  "metrics": {
    "model_name": "logistic_regression",
    "threshold": 0.5,
    "accuracy": 0.7026259758694109,
    "precision": 0.5580286168521462,
    "recall": 0.7134146341463414,
    "f1_score": 0.6262265834076717,
    "roc_auc": 0.7770034843205575,
    "pr_auc": 0.6281118462908775,
    "confusion_matrix": {
      "true_negatives": 639,
      "false_positives": 278,
      "false_negatives": 141,
      "true_positives": 351
    }
  }
}